dim_1,dim_2,dim_3,dim_4,dim_5,dim_6,dim_7,dim_8,dim_9,dim_10,dim_11,dim_12,dim_13,dim_14,dim_15,dim_16,Value
0.28885314,0.4678924,0.26014477,0.077463344,0.16962665,0.28514773,0.2460824,0.20853768,0.24024323,0.2297474,0.18157974,0.27382344,0.33446825,0.2428536,0.13814718,-0.038144276,0.1544126719236374
0.29601657,0.4453242,0.30500197,0.19638632,0.27220833,0.31484503,0.24424654,0.24059817,0.2820385,0.27446833,0.22760685,0.18253547,0.15613839,0.12567736,0.10720606,0.0053234827,0.23829472064971924
0.22051588,0.3776028,0.30455333,0.20779784,0.24295107,0.31927747,0.27912596,0.2144565,0.18649541,0.19188312,0.23187682,0.29231572,0.2709124,0.21701786,0.19791584,0.13234031,0.19150489568710327
0.24252027,0.39014444,0.3151399,0.18699388,0.20749338,0.2686726,0.2441775,0.22631873,0.23286618,0.20883588,0.19368006,0.2537985,0.334805,0.2858841,0.1827523,0.04028615,0.18570555746555328
