TS_dim_1,TS_dim_2,TS_dim_3,TS_dim_4,TS_dim_5,TS_dim_6,TS_dim_7,TS_dim_8,TS_dim_9,TS_dim_10,TS_dim_11,TS_dim_12,TS_dim_13,TS_dim_14,TS_dim_15,TS_dim_16,RLS_dim_1,RLS_dim_2,RLS_dim_3,RLS_dim_4,RLS_dim_5,RLS_dim_6,RLS_dim_7,RLS_dim_8,RLS_dim_9,RLS_dim_10,RLS_dim_11,RLS_dim_12,RLS_dim_13,RLS_dim_14,RLS_dim_15,RLS_dim_16
0.25,0.25,0.25,0.25,0.25,0.25,0.25,0.25,0.25,0.25,0.25,0.25,0.25,0.25,0.25,0.25,0.25,0.25,0.25,0.25,0.25,0.25,0.25,0.25,0.25,0.25,0.25,0.25,0.25,0.25,0.25,0.25
0.03554726,0.0569488,0.040110596,0.025429666,0.03810992,0.037877068,0.030857017,0.030130861,0.0403516,0.03664921,0.031921353,0.029552113,0.027985914,0.016329033,0.019452326,-0.0012959482,0.039162047,0.059794076,0.03936267,0.022971101,0.033481333,0.04107086,0.03251726,0.031138562,0.036390767,0.035307296,0.029043332,0.02667217,0.025457993,0.019796304,0.015067203,-0.00043838075
